{"cameraMode":{"drawMode":0,"name":"Shaded","section":"Shading Mode"},"sceneLighting":true,"audioPlay":false,"sceneViewState":{"m_AlwaysRefresh":false,"showFog":true,"showSkybox":true,"showFlares":true,"showImageEffects":true,"showParticleSystems":true,"showVisualEffectGraphs":true,"m_FxEnabled":true},"in2DMode":false,"pivot":{"x":10.249719619750977,"y":8.929813385009766,"z":903.7803344726563},"rotation":{"x":-0.0010280193528160453,"y":0.9979870915412903,"z":-0.016777396202087404,"w":-0.06115223467350006},"size":9.031944274902344,"orthographic":false}